{"IcoMoonType":"selection","icons":[{"icon":{"paths":["M64 192h896v192h-896zM64 448h896v192h-896zM64 704h896v192h-896z"],"attrs":[{}],"isMulticolor":false,"isMulticolor2":false,"tags":["menu","list","options","lines","hamburger"],"grid":16},"attrs":[{}],"properties":{"order":1,"id":1,"name":"menu, lmenu-1","prevSize":32,"code":59648},"setIdx":0,"setId":1,"iconIdx":0},{"icon":{"paths":["M384 64h640v128h-640v-128zM384 448h640v128h-640v-128zM384 832h640v128h-640v-128zM0 128c0-70.692 57.308-128 128-128s128 57.308 128 128c0 70.692-57.308 128-128 128s-128-57.308-128-128zM0 512c0-70.692 57.308-128 128-128s128 57.308 128 128c0 70.692-57.308 128-128 128s-128-57.308-128-128zM0 896c0-70.692 57.308-128 128-128s128 57.308 128 128c0 70.692-57.308 128-128 128s-128-57.308-128-128z"],"attrs":[{}],"isMulticolor":false,"isMulticolor2":false,"tags":["list","todo","bullet","menu","options"],"grid":16},"attrs":[{}],"properties":{"order":1,"id":0,"name":"menu-2","prevSize":32,"code":59649},"setIdx":0,"setId":1,"iconIdx":1},{"icon":{"paths":["M810.667 725.333h-597.333c-47.061 0-85.333 38.272-85.333 85.333s38.272 85.333 85.333 85.333h597.333c47.061 0 85.333-38.272 85.333-85.333s-38.272-85.333-85.333-85.333z","M810.667 426.667h-597.333c-47.061 0-85.333 38.272-85.333 85.333s38.272 85.333 85.333 85.333h597.333c47.061 0 85.333-38.272 85.333-85.333s-38.272-85.333-85.333-85.333z","M810.667 128h-597.333c-47.061 0-85.333 38.272-85.333 85.333s38.272 85.333 85.333 85.333h597.333c47.061 0 85.333-38.272 85.333-85.333s-38.272-85.333-85.333-85.333z"],"attrs":[{},{},{}],"isMulticolor":false,"isMulticolor2":false,"tags":["th-menu"],"grid":24},"attrs":[{},{},{}],"properties":{"order":1,"id":0,"name":"menu-mini","prevSize":24,"code":59650},"setIdx":1,"setId":0,"iconIdx":0}],"height":1024,"metadata":{"name":"icomoon"},"preferences":{"showGlyphs":true,"showCodes":true,"showQuickUse":true,"showQuickUse2":true,"showSVGs":true,"fontPref":{"prefix":"icon-","metadata":{"fontFamily":"icomoon"},"metrics":{"emSize":1024,"baseline":6.25,"whitespace":50},"embed":false},"imagePref":{"prefix":"icon-","png":true,"useClassSelector":true,"color":0,"bgColor":16777215},"historySize":50}}